,pmid,doi,pub_year,is_oa,landing_url,pdf_url,is_accepted,is_published,is_retracted,cited_by_count,referenced_count
0,30502744,10.1016/j.envres.2018.10.023,2018,False,https://doi.org/10.1016/j.envres.2018.10.023,,True,True,False,591,141
1,26561452,10.1016/j.envpol.2015.10.050,2015,False,https://doi.org/10.1016/j.envpol.2015.10.050,,True,True,False,307,74
2,14960830,10.1539/joh.46.49,2004,True,https://doi.org/10.1539/joh.46.49,https://onlinelibrary.wiley.com/doi/pdfdirect/10.1539/joh.46.49,True,True,False,294,16
3,17219182,10.1007/s00420-006-0165-9,2007,False,https://doi.org/10.1007/s00420-006-0165-9,,True,True,False,261,38
4,35569538,10.1016/j.envres.2022.113431,2022,False,https://doi.org/10.1016/j.envres.2022.113431,,True,True,False,228,170
5,32944748,10.1093/jnci/djaa143,2020,True,https://doi.org/10.1093/jnci/djaa143,https://academic.oup.com/jnci/article-pdf/113/5/580/37798495/djaa143.pdf,True,True,False,201,36
6,27837466,10.1007/s40618-016-0572-z,2016,False,https://doi.org/10.1007/s40618-016-0572-z,,True,True,False,171,85
7,24793953,10.3109/10408444.2014.905767,2014,False,https://doi.org/10.3109/10408444.2014.905767,,True,True,False,168,79
8,29498927,10.1289/ehp2619,2018,True,https://doi.org/10.1289/ehp2619,https://ehp.niehs.nih.gov/doi/pdf/10.1289/EHP2619,True,True,False,156,82
9,32143379,10.3390/ijerph17051668,2020,True,https://doi.org/10.3390/ijerph17051668,https://www.mdpi.com/1660-4601/17/5/1668/pdf?version=1584071407,True,True,False,131,201
10,33751946,10.1016/j.envpol.2021.116929,2021,False,https://doi.org/10.1016/j.envpol.2021.116929,,True,True,False,115,75
11,31008526,10.1002/ijc.32357,2019,False,https://doi.org/10.1002/ijc.32357,,True,True,False,108,33
12,27153767,10.1016/j.taap.2016.05.001,2016,False,https://doi.org/10.1016/j.taap.2016.05.001,,True,True,False,94,80
13,28003637,10.2131/jts.41.sp27,2016,True,https://doi.org/10.2131/jts.41.sp27,https://www.jstage.jst.go.jp/article/jts/41/Special/41_SP27/_pdf,True,True,False,92,50
14,26234195,10.1002/jat.3210,2015,False,https://doi.org/10.1002/jat.3210,,True,True,False,83,70
15,37286242,10.1016/s2542-5196(23)00088-8,2023,True,https://doi.org/10.1016/s2542-5196(23)00088-8,http://www.thelancet.com/article/S2542519623000888/pdf,True,True,False,79,71
16,32700164,10.1007/s00204-020-02848-6,2020,True,https://doi.org/10.1007/s00204-020-02848-6,https://link.springer.com/content/pdf/10.1007/s00204-020-02848-6.pdf,True,True,False,76,63
17,37511474,10.3390/ijms241411707,2023,True,https://doi.org/10.3390/ijms241411707,https://www.mdpi.com/1422-0067/24/14/11707/pdf?version=1689861833,True,True,False,76,137
18,35731224,10.1289/ehp10393,2022,True,https://doi.org/10.1289/ehp10393,,True,True,True,70,57
19,37878255,10.23749/mdl.v114i5.15065,2023,True,https://doi.org/10.23749/mdl.v114i5.15065,,True,True,False,58,49
20,33068574,10.1016/j.envres.2020.110329,2020,False,https://doi.org/10.1016/j.envres.2020.110329,,True,True,False,55,24
21,31459888,10.1021/acsomega.9b00314,2019,True,https://doi.org/10.1021/acsomega.9b00314,,True,True,False,53,28
22,36731186,10.1016/j.envint.2023.107746,2023,True,https://doi.org/10.1016/j.envint.2023.107746,,True,True,False,50,80
23,34843762,10.1016/j.scitotenv.2021.151945,2021,True,https://doi.org/10.1016/j.scitotenv.2021.151945,,True,True,False,48,64
24,35216980,10.1016/j.chemosphere.2022.134083,2022,False,https://doi.org/10.1016/j.chemosphere.2022.134083,,True,True,False,48,62
25,37458713,10.1289/ehp12603,2023,True,https://doi.org/10.1289/ehp12603,,True,True,False,47,33
26,34974025,10.1016/j.scitotenv.2021.152732,2021,True,https://doi.org/10.1016/j.scitotenv.2021.152732,,True,True,False,45,83
27,38088576,10.1289/ehp13174,2023,True,https://doi.org/10.1289/ehp13174,,True,True,False,43,97
28,36251517,10.1002/tox.23680,2022,True,https://doi.org/10.1002/tox.23680,https://onlinelibrary.wiley.com/doi/pdfdirect/10.1002/tox.23680,True,True,False,42,92
29,33238432,10.3390/toxics8040112,2020,True,https://doi.org/10.3390/toxics8040112,https://www.mdpi.com/2305-6304/8/4/112/pdf?version=1606126782,True,True,False,39,87
30,34969446,10.1016/j.jes.2021.07.004,2021,False,https://doi.org/10.1016/j.jes.2021.07.004,,True,True,False,35,83
31,36843273,10.1002/ijc.34487,2023,False,https://doi.org/10.1002/ijc.34487,,True,True,False,35,24
32,37419160,10.1016/j.chemosphere.2023.139411,2023,False,https://doi.org/10.1016/j.chemosphere.2023.139411,,True,True,False,28,70
33,39789195,10.1038/s41370-024-00742-2,2025,True,https://doi.org/10.1038/s41370-024-00742-2,https://www.nature.com/articles/s41370-024-00742-2.pdf,True,True,False,24,77
34,38298650,10.1016/j.heliyon.2024.e24337,2024,True,https://doi.org/10.1016/j.heliyon.2024.e24337,http://www.cell.com/article/S2405844024003682/pdf,True,True,False,23,23
35,38400646,10.1093/aje/kwae010,2024,False,https://doi.org/10.1093/aje/kwae010,,True,True,False,22,80
36,37662676,10.3389/ftox.2023.1244457,2023,True,https://doi.org/10.3389/ftox.2023.1244457,https://www.frontiersin.org/articles/10.3389/ftox.2023.1244457/pdf,True,True,False,21,100
37,38064429,10.1021/acs.est.3c04844,2023,False,https://doi.org/10.1021/acs.est.3c04844,,True,True,False,19,42
38,39222733,10.1016/j.envres.2024.119909,2024,False,https://doi.org/10.1016/j.envres.2024.119909,,True,True,False,13,67
39,16872899,10.1016/j.ijheh.2006.06.002,2006,False,https://doi.org/10.1016/j.ijheh.2006.06.002,,True,True,False,112,45
40,24629213,10.1186/1476-069x-13-19,2014,True,https://doi.org/10.1186/1476-069x-13-19,https://ehjournal.biomedcentral.com/counter/pdf/10.1186/1476-069X-13-19,True,True,False,82,64
41,16609670,,2005,False,https://pubmed.ncbi.nlm.nih.gov/16609670,,True,True,False,75,58
42,20939531,10.1021/es100626h,2010,False,https://doi.org/10.1021/es100626h,,True,True,False,73,44
43,23849467,10.1016/j.ecoenv.2013.06.006,2013,False,https://doi.org/10.1016/j.ecoenv.2013.06.006,,True,True,False,56,58
44,24468211,10.1186/1471-2407-14-45,2014,True,https://doi.org/10.1186/1471-2407-14-45,https://bmccancer.biomedcentral.com/counter/pdf/10.1186/1471-2407-14-45,True,True,False,44,71
45,36958379,10.1016/j.envres.2023.115718,2023,False,https://doi.org/10.1016/j.envres.2023.115718,,True,True,False,28,38
46,34968493,10.1016/j.bcp.2021.114902,2021,False,https://doi.org/10.1016/j.bcp.2021.114902,,True,True,False,27,60
47,33138996,10.1016/j.scitotenv.2020.142904,2020,True,https://doi.org/10.1016/j.scitotenv.2020.142904,,True,True,False,26,92
48,37902275,10.1002/ijc.34776,2023,False,https://doi.org/10.1002/ijc.34776,,True,True,False,24,53
49,36084455,10.1016/j.jhazmat.2022.129819,2022,False,https://doi.org/10.1016/j.jhazmat.2022.129819,,True,True,False,19,60
50,37162486,10.1093/toxsci/kfad043,2023,True,https://doi.org/10.1093/toxsci/kfad043,https://academic.oup.com/toxsci/advance-article-pdf/doi/10.1093/toxsci/kfad043/50267605/kfad043.pdf,True,True,False,17,29
51,35975166,10.1097/ee9.0000000000000217,2022,True,https://doi.org/10.1097/ee9.0000000000000217,,True,True,False,16,34
52,37420152,10.1007/s11356-023-28592-9,2023,False,https://doi.org/10.1007/s11356-023-28592-9,,True,True,False,16,57
53,37851381,10.1093/toxsci/kfad108,2023,False,https://doi.org/10.1093/toxsci/kfad108,,True,True,False,12,72
54,36599390,10.1016/j.yrtph.2022.105323,2023,False,https://doi.org/10.1016/j.yrtph.2022.105323,,True,True,False,11,24
55,37052835,10.1007/s11356-023-26797-6,2023,False,https://doi.org/10.1007/s11356-023-26797-6,,True,True,False,11,52
56,37716341,10.1016/j.envint.2023.108198,2023,True,https://doi.org/10.1016/j.envint.2023.108198,,True,True,False,11,69
57,39433235,10.1016/j.yrtph.2024.105726,2024,False,https://doi.org/10.1016/j.yrtph.2024.105726,,True,True,False,11,45
58,38844220,10.1016/j.scitotenv.2024.173767,2024,False,https://doi.org/10.1016/j.scitotenv.2024.173767,,True,True,False,10,62
59,39286118,10.1016/j.heliyon.2024.e37003,2024,True,https://doi.org/10.1016/j.heliyon.2024.e37003,,True,True,False,10,66
60,39665760,10.1073/pnas.2408575121,2024,False,https://doi.org/10.1073/pnas.2408575121,,True,True,False,10,50
61,37898223,10.1016/j.envres.2023.117529,2023,False,https://doi.org/10.1016/j.envres.2023.117529,,True,True,False,9,43
62,38668455,10.3390/toxics12040232,2024,True,https://doi.org/10.3390/toxics12040232,https://www.mdpi.com/2305-6304/12/4/232/pdf?version=1711115468,True,True,False,9,46
63,37356307,10.1016/j.envint.2023.108026,2023,True,https://doi.org/10.1016/j.envint.2023.108026,,True,True,False,7,40
64,38971361,10.1016/j.envres.2024.119560,2024,True,https://doi.org/10.1016/j.envres.2024.119560,,True,True,False,6,50
65,39047923,10.1016/j.toxlet.2024.07.910,2024,False,https://doi.org/10.1016/j.toxlet.2024.07.910,,True,True,False,6,40
66,39542374,10.1016/j.chemosphere.2024.143745,2024,False,https://doi.org/10.1016/j.chemosphere.2024.143745,,True,True,False,5,201
67,40283131,10.3390/life15040573,2025,True,https://doi.org/10.3390/life15040573,https://www.mdpi.com/2075-1729/15/4/573/pdf?version=1743498514,True,True,False,5,202
68,40465018,10.1007/s10142-025-01616-y,2025,False,https://doi.org/10.1007/s10142-025-01616-y,,True,True,False,5,59
69,37239535,10.3390/ijerph20105808,2023,True,https://doi.org/10.3390/ijerph20105808,https://www.mdpi.com/1660-4601/20/10/5808/pdf?version=1683897134,True,True,False,6,40
70,38244249,10.1016/j.ijheh.2024.114321,2024,True,https://doi.org/10.1016/j.ijheh.2024.114321,,True,True,False,5,29
71,39464822,10.1007/s40201-024-00899-w,2024,False,https://doi.org/10.1007/s40201-024-00899-w,,True,True,False,4,95
72,39584959,10.3390/jox14040094,2024,True,https://doi.org/10.3390/jox14040094,,True,True,False,4,33
73,40397817,10.1289/ehp16980,2025,True,https://doi.org/10.1289/ehp16980,,True,True,False,4,0
74,38535903,10.3390/toxics12030170,2024,True,https://doi.org/10.3390/toxics12030170,https://www.mdpi.com/2305-6304/12/3/170/pdf?version=1708667881,True,True,False,3,31
75,39648934,10.1097/cej.0000000000000935,2024,True,https://doi.org/10.1097/cej.0000000000000935,,True,True,False,3,60
76,38668494,10.3390/toxics12040271,2024,True,https://doi.org/10.3390/toxics12040271,https://www.mdpi.com/2305-6304/12/4/271/pdf?version=1712314038,True,True,False,3,69
77,39884014,10.1016/j.ecoenv.2025.117825,2025,True,https://doi.org/10.1016/j.ecoenv.2025.117825,,True,True,False,2,62
78,39992476,10.1007/s10661-025-13689-0,2025,False,https://doi.org/10.1007/s10661-025-13689-0,,True,True,False,2,29
79,40270749,10.3389/fpubh.2025.1532277,2025,True,https://doi.org/10.3389/fpubh.2025.1532277,https://www.frontiersin.org/journals/public-health/articles/10.3389/fpubh.2025.1532277/pdf,True,True,False,2,35
80,38652827,10.14573/altex.2310281,2024,True,https://doi.org/10.14573/altex.2310281,https://www.altex.org/index.php/altex/article/download/2636/2677,True,True,False,3,84
81,39025495,10.1136/oemed-2023-109228,2024,False,https://doi.org/10.1136/oemed-2023-109228,,True,True,False,2,54
82,39292675,10.1289/ehp14065,2024,True,http://doi.org/10.1289/ehp14065,,True,True,False,1,69
83,39293659,10.1016/j.envpol.2024.124975,2024,False,https://doi.org/10.1016/j.envpol.2024.124975,,True,True,False,1,83
84,39636584,10.1080/10408444.2024.2425669,2024,False,https://doi.org/10.1080/10408444.2024.2425669,,True,True,False,1,50
85,39802752,10.1097/ee9.0000000000000365,2025,True,https://doi.org/10.1097/ee9.0000000000000365,,True,True,False,1,33
86,40066943,10.1021/acs.chemrestox.4c00528,2025,True,https://doi.org/10.1021/acs.chemrestox.4c00528,https://pubs.acs.org/doi/pdf/10.1021/acs.chemrestox.4c00528?ref=article_openPDF,True,True,False,1,69
87,40692028,10.1016/j.envres.2025.122381,2025,False,https://doi.org/10.1016/j.envres.2025.122381,,True,True,False,1,67
88,40156146,10.1093/toxsci/kfaf044,2025,False,https://doi.org/10.1093/toxsci/kfaf044,,True,True,False,0,50
89,41005939,10.1016/j.jes.2025.06.006,2025,False,https://doi.org/10.1016/j.jes.2025.06.006,,True,True,False,0,39
90,40547224,10.1007/s40201-025-00942-4,2025,False,https://doi.org/10.1007/s40201-025-00942-4,,True,True,False,0,38
91,40791616,10.3389/fpubh.2025.1621495,2025,True,https://doi.org/10.3389/fpubh.2025.1621495,https://www.frontiersin.org/journals/public-health/articles/10.3389/fpubh.2025.1621495/pdf,True,True,False,0,50
92,40863342,10.3390/jox15040135,2025,True,https://doi.org/10.3390/jox15040135,https://www.mdpi.com/2039-4713/15/4/135/pdf?version=1755780642,True,True,False,0,247
93,40902259,10.1016/j.envint.2025.109762,2025,True,https://doi.org/10.1016/j.envint.2025.109762,,True,True,False,0,58
94,40914107,10.1016/j.envint.2025.109763,2025,True,https://doi.org/10.1016/j.envint.2025.109763,,True,True,False,0,95
95,41020885,10.3390/cimb47090763,2025,True,https://doi.org/10.3390/cimb47090763,https://www.mdpi.com/1467-3045/47/9/763/pdf?version=1757946237,True,True,False,0,139
96,41033390,10.1016/j.envpol.2025.127185,2025,False,https://doi.org/10.1016/j.envpol.2025.127185,,True,True,False,0,59
97,41109194,10.1016/j.scitotenv.2025.180711,2025,False,https://doi.org/10.1016/j.scitotenv.2025.180711,,True,True,False,0,25
98,24007715,10.1289/ehp.1306615,2013,True,https://doi.org/10.1289/ehp.1306615,https://ehp.niehs.nih.gov/doi/epdf/10.1289/ehp.1306615,True,True,False,683,106
99,33385391,10.1016/j.envres.2020.110690,2020,False,https://doi.org/10.1016/j.envres.2020.110690,,True,True,False,347,77
100,23308854,10.1289/ehp.1205829,2013,True,https://doi.org/10.1289/ehp.1205829,https://ehp.niehs.nih.gov/doi/epdf/10.1289/ehp.1205829,True,True,False,316,20
101,30373035,10.1016/j.envpol.2018.07.042,2018,False,https://doi.org/10.1016/j.envpol.2018.07.042,,True,True,False,207,69
102,8229349,10.1097/00043764-199309000-00020,1993,False,https://doi.org/10.1097/00043764-199309000-00020,,True,True,False,178,0
103,21935973,10.1002/jat.1736,2011,False,https://doi.org/10.1002/jat.1736,,True,True,False,154,67
104,28610584,10.1186/s12940-017-0269-6,2017,True,https://doi.org/10.1186/s12940-017-0269-6,https://ehjournal.biomedcentral.com/track/pdf/10.1186/s12940-017-0269-6,True,True,False,149,54
105,33780327,10.1080/10962247.2021.1909668,2021,False,https://doi.org/10.1080/10962247.2021.1909668,,True,True,False,127,51
106,29502166,10.1007/s00204-018-2181-4,2018,True,https://doi.org/10.1007/s00204-018-2181-4,https://link.springer.com/content/pdf/10.1007/s00204-018-2181-4.pdf,True,True,False,117,61
107,31542491,10.1016/j.envres.2019.108743,2019,False,https://doi.org/10.1016/j.envres.2019.108743,,True,True,False,112,48
108,24014645,10.1093/toxsci/kft198,2013,False,https://doi.org/10.1093/toxsci/kft198,,True,True,False,110,40
109,32580117,10.1016/j.envint.2020.105850,2020,True,https://doi.org/10.1016/j.envint.2020.105850,,True,True,False,100,58
110,36111068,10.1016/j.jhepr.2022.100550,2022,True,https://doi.org/10.1016/j.jhepr.2022.100550,,True,True,False,100,64
111,37884429,10.1016/j.ebiom.2023.104831,2023,True,https://doi.org/10.1016/j.ebiom.2023.104831,http://www.thelancet.com/article/S2352396423003973/pdf,True,True,False,90,40
112,35740585,10.3390/cancers14122919,2022,True,https://doi.org/10.3390/cancers14122919,https://www.mdpi.com/2072-6694/14/12/2919/pdf?version=1655178877,True,True,False,84,169
113,36592815,10.1016/j.envres.2022.115188,2022,True,https://doi.org/10.1016/j.envres.2022.115188,,True,True,False,83,117
114,29753068,10.1016/j.toxlet.2018.05.009,2018,False,https://doi.org/10.1016/j.toxlet.2018.05.009,,True,True,False,82,42
115,29063134,10.1007/s00204-017-2077-8,2017,True,https://doi.org/10.1007/s00204-017-2077-8,https://link.springer.com/content/pdf/10.1007/s00204-017-2077-8.pdf,True,True,False,75,66
116,30482205,10.1186/s12940-018-0426-6,2018,True,https://doi.org/10.1186/s12940-018-0426-6,https://ehjournal.biomedcentral.com/track/pdf/10.1186/s12940-018-0426-6,True,True,False,74,71
117,31523017,10.1016/j.ijheh.2019.07.009,2019,True,https://doi.org/10.1016/j.ijheh.2019.07.009,,True,True,False,65,40
118,35173445,10.1177/11786302221076707,2022,True,https://doi.org/10.1177/11786302221076707,https://journals.sagepub.com/doi/pdf/10.1177/11786302221076707,True,True,False,53,39
119,36584840,10.1016/j.envres.2022.115164,2022,False,https://doi.org/10.1016/j.envres.2022.115164,,True,True,False,52,58
120,36906028,10.1016/j.scitotenv.2023.162770,2023,True,https://doi.org/10.1016/j.scitotenv.2023.162770,,True,True,False,52,28
121,38074949,10.3389/fmats.2023.1143411,2023,True,https://doi.org/10.3389/fmats.2023.1143411,https://www.frontiersin.org/articles/10.3389/fmats.2023.1143411/pdf,True,True,False,51,230
122,34836157,10.3390/nu13113902,2021,True,https://doi.org/10.3390/nu13113902,https://www.mdpi.com/2072-6643/13/11/3902/pdf?version=1635588845,True,True,False,46,59
123,36410238,10.1016/j.envint.2022.107642,2022,True,https://doi.org/10.1016/j.envint.2022.107642,,True,True,False,43,64
124,37741007,10.1016/j.envint.2023.108197,2023,True,https://doi.org/10.1016/j.envint.2023.108197,,True,True,False,43,55
125,37031936,10.1016/j.scitotenv.2023.163302,2023,False,https://doi.org/10.1016/j.scitotenv.2023.163302,,True,True,False,34,87
126,39255941,10.1016/j.scitotenv.2024.176158,2024,False,https://doi.org/10.1016/j.scitotenv.2024.176158,,True,True,False,32,146
127,36085159,10.1186/s12940-022-00895-3,2022,True,https://doi.org/10.1186/s12940-022-00895-3,https://ehjournal.biomedcentral.com/counter/pdf/10.1186/s12940-022-00895-3,True,True,False,29,61
128,35736926,10.3390/toxics10060318,2022,True,https://doi.org/10.3390/toxics10060318,https://www.mdpi.com/2305-6304/10/6/318/pdf?version=1655193132,True,True,False,27,43
129,35905598,10.1016/j.envint.2022.107425,2022,True,https://doi.org/10.1016/j.envint.2022.107425,,True,True,False,25,30
130,38042200,10.1016/j.scitotenv.2023.168881,2023,True,https://doi.org/10.1016/j.scitotenv.2023.168881,,True,True,False,24,92
131,38473344,10.3390/cancers16050983,2024,True,https://doi.org/10.3390/cancers16050983,https://www.mdpi.com/2072-6694/16/5/983/pdf?version=1709127466,True,True,False,16,283
132,8732932,10.1002/(sici)1097-0274(199605)29:5<560::aid-ajim17>3.0.co;2-z,1996,False,https://doi.org/10.1002/(sici)1097-0274(199605)29:5<560::aid-ajim17>3.0.co;2-z,,True,True,False,120,0
133,22120428,10.1016/j.reprotox.2011.10.014,2011,False,https://doi.org/10.1016/j.reprotox.2011.10.014,,True,True,False,96,67
134,24246240,10.1016/j.envint.2013.10.005,2013,False,https://doi.org/10.1016/j.envint.2013.10.005,,True,True,False,75,31
135,22976841,10.1002/jat.2785,2012,False,https://doi.org/10.1002/jat.2785,,True,True,False,67,46
136,31926437,10.1016/j.envint.2019.105446,2020,True,https://doi.org/10.1016/j.envint.2019.105446,,True,True,False,66,48
137,22542201,10.1016/j.chemosphere.2012.03.082,2012,False,https://doi.org/10.1016/j.chemosphere.2012.03.082,,True,True,False,58,26
138,24960061,10.1016/j.toxlet.2014.06.004,2014,False,https://doi.org/10.1016/j.toxlet.2014.06.004,,True,True,False,56,37
139,21194205,10.1021/es1026129,2010,False,https://doi.org/10.1021/es1026129,,True,True,False,47,39
140,21984479,10.1093/toxsci/kfr267,2011,True,https://doi.org/10.1093/toxsci/kfr267,https://academic.oup.com/toxsci/article-pdf/125/1/69/16683038/kfr267.pdf,True,True,False,47,43
141,24420840,10.1002/tox.21949,2014,False,https://doi.org/10.1002/tox.21949,,True,True,False,35,48
142,27871870,10.1016/j.yrtph.2016.11.021,2016,False,https://doi.org/10.1016/j.yrtph.2016.11.021,,True,True,False,34,44
143,35472559,10.1016/j.envpol.2022.119345,2022,False,https://doi.org/10.1016/j.envpol.2022.119345,,True,True,False,30,52
144,31207508,10.1016/j.scitotenv.2019.06.103,2019,False,https://doi.org/10.1016/j.scitotenv.2019.06.103,,True,True,False,29,73
145,34454526,10.1186/s12940-021-00778-z,2021,True,https://doi.org/10.1186/s12940-021-00778-z,https://ehjournal.biomedcentral.com/counter/pdf/10.1186/s12940-021-00778-z,True,True,False,28,115
146,35563566,10.3390/ijms23095176,2022,True,https://doi.org/10.3390/ijms23095176,https://www.mdpi.com/1422-0067/23/9/5176/pdf?version=1652088814,True,True,False,24,92
147,35022659,10.1093/carcin/bgac005,2022,True,https://doi.org/10.1093/carcin/bgac005,https://academic.oup.com/carcin/article-pdf/43/5/469/43954658/bgac005.pdf,True,True,False,17,52
148,37755796,10.3390/toxics11090786,2023,True,https://doi.org/10.3390/toxics11090786,https://www.mdpi.com/2305-6304/11/9/786/pdf?version=1694847611,True,True,False,15,28
149,34609253,10.1080/10962247.2021.1975995,2021,False,https://doi.org/10.1080/10962247.2021.1975995,,True,True,False,14,73
150,38844310,10.1016/j.jes.2023.09.031,2023,False,https://doi.org/10.1016/j.jes.2023.09.031,,True,True,False,14,57
151,38098045,10.1186/s12940-023-01034-2,2023,True,https://doi.org/10.1186/s12940-023-01034-2,https://ehjournal.biomedcentral.com/counter/pdf/10.1186/s12940-023-01034-2,True,True,False,14,87
152,36959529,10.1080/19393210.2023.2188611,2023,False,https://doi.org/10.1080/19393210.2023.2188611,,True,True,False,13,48
153,38103603,10.1016/j.scitotenv.2023.169305,2023,False,https://doi.org/10.1016/j.scitotenv.2023.169305,,True,True,False,12,50
154,38657654,10.1530/etj-23-0192,2024,True,https://doi.org/10.1530/etj-23-0192,,True,True,False,11,90
155,38345456,10.1002/ajim.23568,2024,True,https://doi.org/10.1002/ajim.23568,https://onlinelibrary.wiley.com/doi/pdfdirect/10.1002/ajim.23568,True,True,False,10,38
156,38461777,10.1016/j.envint.2024.108556,2024,True,https://doi.org/10.1016/j.envint.2024.108556,,True,True,False,10,81
157,39396441,10.1016/j.jhazmat.2024.136024,2024,False,https://doi.org/10.1016/j.jhazmat.2024.136024,,True,True,False,10,141
158,40474796,10.1097/js9.0000000000002632,2025,True,https://doi.org/10.1097/js9.0000000000002632,,True,True,False,10,60
159,39673872,10.1016/j.envint.2024.109203,2024,True,https://doi.org/10.1016/j.envint.2024.109203,,True,True,False,8,80
160,27589685,10.18632/oncotarget.11684,2016,True,https://doi.org/10.18632/oncotarget.11684,http://www.oncotarget.com/index.php?journal=oncotarget&page=article&op=download&path%5B%5D=11684&path%5B%5D=36989,True,True,False,30,34
161,25046839,10.1016/j.ejphar.2014.07.011,2014,False,https://doi.org/10.1016/j.ejphar.2014.07.011,,True,True,False,23,37
162,23021612,10.1016/j.chemosphere.2012.08.039,2012,False,https://doi.org/10.1016/j.chemosphere.2012.08.039,,True,True,False,23,48
163,22828883,10.1007/s11356-012-0968-z,2012,False,https://doi.org/10.1007/s11356-012-0968-z,,True,True,False,23,64
164,35370244,10.2131/jts.47.159,2022,True,https://doi.org/10.2131/jts.47.159,https://www.jstage.jst.go.jp/article/jts/47/4/47_159/_pdf,True,True,False,15,35
165,27927180,10.1186/s12885-016-2861-5,2016,True,https://doi.org/10.1186/s12885-016-2861-5,https://bmccancer.biomedcentral.com/track/pdf/10.1186/s12885-016-2861-5,True,True,False,13,67
166,39205352,10.1016/j.ecoenv.2024.116907,2024,True,https://doi.org/10.1016/j.ecoenv.2024.116907,,True,True,False,4,45
167,39547089,10.1016/j.envint.2024.109140,2024,True,https://doi.org/10.1016/j.envint.2024.109140,,True,True,False,4,46
168,39586166,10.1016/j.molimm.2024.11.002,2024,False,https://doi.org/10.1016/j.molimm.2024.11.002,,True,True,False,4,21
169,39672496,10.1016/j.envres.2024.120606,2024,True,https://doi.org/10.1016/j.envres.2024.120606,,True,True,False,3,44
170,39955862,10.1016/j.ecoenv.2025.117831,2025,True,https://doi.org/10.1016/j.ecoenv.2025.117831,,True,True,False,3,68
171,40155936,10.1186/s12940-025-01168-5,2025,True,https://doi.org/10.1186/s12940-025-01168-5,,True,True,False,3,45
172,32790281,10.1021/acs.biomac.0c00911,2020,False,https://doi.org/10.1021/acs.biomac.0c00911,,True,True,False,10,45
173,30405966,10.7717/peerj.5602,2018,True,https://doi.org/10.7717/peerj.5602,,True,True,False,9,38
174,33173912,10.1101/2020.11.05.20226183,2020,True,https://doi.org/10.1101/2020.11.05.20226183,https://www.medrxiv.org/content/medrxiv/early/2020/11/10/2020.11.05.20226183.full.pdf,True,False,False,6,110
175,39644250,10.1021/acs.est.4c08669,2024,False,https://doi.org/10.1021/acs.est.4c08669,,True,True,False,2,77
176,39697081,10.23749/mdl.v115i6.16330,2024,True,https://doi.org/10.23749/mdl.v115i6.16330,,True,True,False,2,63
177,39833723,10.1186/s12885-025-13508-2,2025,True,https://doi.org/10.1186/s12885-025-13508-2,https://bmccancer.biomedcentral.com/counter/pdf/10.1186/s12885-025-13508-2,True,True,False,2,40
178,40350013,10.1016/j.envres.2025.121766,2025,True,https://doi.org/10.1016/j.envres.2025.121766,,True,True,False,2,91
179,40391660,10.1080/10408444.2024.2446453,2025,False,https://doi.org/10.1080/10408444.2024.2446453,,True,True,False,2,242
180,39856567,10.1186/s12874-025-02478-5,2025,True,https://doi.org/10.1186/s12874-025-02478-5,https://bmcmedresmethodol.biomedcentral.com/counter/pdf/10.1186/s12874-025-02478-5,True,True,False,1,6
181,40045703,10.1002/ajim.23717,2025,True,https://doi.org/10.1002/ajim.23717,https://onlinelibrary.wiley.com/doi/pdfdirect/10.1002/ajim.23717,True,True,False,1,59
182,40068585,10.1016/j.ijheh.2025.114557,2025,False,https://doi.org/10.1016/j.ijheh.2025.114557,,True,True,False,1,83
183,40431401,10.3390/nu17101660,2025,True,https://doi.org/10.3390/nu17101660,https://www.mdpi.com/2072-6643/17/10/1660/pdf?version=1747202207,True,True,False,1,80
184,40550304,10.1016/j.envres.2025.122211,2025,True,https://doi.org/10.1016/j.envres.2025.122211,,True,True,False,1,67
185,40748719,10.1093/jnci/djaf204,2025,False,https://doi.org/10.1093/jnci/djaf204,,True,True,False,1,31
186,40239196,10.2196/67120,2025,True,https://doi.org/10.2196/67120,,True,True,False,0,30
187,40037076,10.1016/j.ecoenv.2025.117925,2025,True,https://doi.org/10.1016/j.ecoenv.2025.117925,,True,True,False,0,36
188,40504556,10.1093/toxsci/kfaf075,2025,True,https://doi.org/10.1093/toxsci/kfaf075,https://academic.oup.com/toxsci/advance-article-pdf/doi/10.1093/toxsci/kfaf075/63478898/kfaf075.pdf,True,True,False,0,91
189,40705188,10.1007/s12672-025-03084-z,2025,True,https://doi.org/10.1007/s12672-025-03084-z,https://link.springer.com/content/pdf/10.1007/s12672-025-03084-z.pdf,True,True,False,0,38
190,40809024,10.3389/fonc.2025.1593300,2025,True,https://doi.org/10.3389/fonc.2025.1593300,https://www.frontiersin.org/journals/oncology/articles/10.3389/fonc.2025.1593300/pdf,True,True,False,0,35
191,40784096,10.1016/j.ecoenv.2025.118839,2025,True,https://doi.org/10.1016/j.ecoenv.2025.118839,,True,True,False,0,36
192,40869875,10.3390/ijerph22081290,2025,True,https://doi.org/10.3390/ijerph22081290,https://www.mdpi.com/1660-4601/22/8/1290/pdf?version=1755519080,True,True,False,0,25
193,40852864,10.1111/bcpt.70101,2025,False,https://doi.org/10.1111/bcpt.70101,,True,True,False,0,48
194,40945090,10.1016/j.ecoenv.2025.119039,2025,True,https://doi.org/10.1016/j.ecoenv.2025.119039,,True,True,False,0,30
195,30470793,10.1038/s41370-018-0094-1,2018,False,https://doi.org/10.1038/s41370-018-0094-1,,True,True,False,2205,153
196,33017053,10.1002/etc.4890,2020,True,https://doi.org/10.1002/etc.4890,https://onlinelibrary.wiley.com/doi/pdfdirect/10.1002/etc.4890,True,True,False,1748,311
197,33498193,10.3390/ijms22030995,2021,True,https://doi.org/10.3390/ijms22030995,https://www.mdpi.com/1422-0067/22/3/995/pdf?version=1611222512,True,True,False,270,224
198,28541558,10.1093/eurpub/ckx066,2017,True,https://doi.org/10.1093/eurpub/ckx066,https://academic.oup.com/eurpub/article-pdf/28/1/180/23532061/ckx066.pdf,True,True,False,185,35
199,32950793,10.1016/j.envint.2020.106125,2020,True,https://doi.org/10.1016/j.envint.2020.106125,,True,True,False,133,153
200,36923300,10.1016/j.ceja.2022.100421,2022,True,https://doi.org/10.1016/j.ceja.2022.100421,,True,True,False,120,118
201,34886275,10.3390/ijerph182312550,2021,True,https://doi.org/10.3390/ijerph182312550,https://www.mdpi.com/1660-4601/18/23/12550/pdf?version=1638262718,True,True,False,117,133
202,35877866,10.3390/membranes12070662,2022,True,https://doi.org/10.3390/membranes12070662,https://www.mdpi.com/2077-0375/12/7/662/pdf?version=1656334097,True,True,False,103,194
203,25002909,10.1186/1756-6649-14-3,2014,True,https://doi.org/10.1186/1756-6649-14-3,https://bmcmedphys.biomedcentral.com/track/pdf/10.1186/1756-6649-14-3,True,True,False,88,35
204,32485148,10.1016/j.molcel.2020.05.001,2020,True,https://doi.org/10.1016/j.molcel.2020.05.001,http://www.cell.com/article/S1097276520303026/pdf,True,True,False,67,66
205,35992116,10.3389/fendo.2022.965384,2022,True,https://doi.org/10.3389/fendo.2022.965384,https://www.frontiersin.org/articles/10.3389/fendo.2022.965384/pdf,True,True,False,65,72
206,36244496,10.1016/j.envpol.2022.120422,2022,True,https://doi.org/10.1016/j.envpol.2022.120422,https://ars.els-cdn.com/content/image/1-s2.0-S0269749122016360-ga1_lrg.jpg,True,True,False,55,91
207,33444329,10.1371/journal.pone.0245141,2021,True,https://doi.org/10.1371/journal.pone.0245141,https://journals.plos.org/plosone/article/file?id=10.1371/journal.pone.0245141&type=printable,True,True,False,51,54
208,35447169,10.1016/j.scitotenv.2022.155237,2022,True,https://doi.org/10.1016/j.scitotenv.2022.155237,,True,True,False,51,55
209,35356147,10.3389/fendo.2021.799043,2022,True,https://doi.org/10.3389/fendo.2021.799043,https://www.frontiersin.org/articles/10.3389/fendo.2021.799043/pdf,True,True,False,47,228
210,34392213,10.1016/j.scitotenv.2021.149316,2021,False,https://doi.org/10.1016/j.scitotenv.2021.149316,,True,True,False,45,37
211,37775007,10.1016/j.envres.2023.117188,2023,False,https://doi.org/10.1016/j.envres.2023.117188,,True,True,False,41,50
212,36508965,10.1016/j.canep.2022.102296,2022,True,https://doi.org/10.1016/j.canep.2022.102296,,True,True,False,28,37
213,38478087,10.1007/s00204-024-03685-7,2024,True,https://doi.org/10.1007/s00204-024-03685-7,https://link.springer.com/content/pdf/10.1007/s00204-024-03685-7.pdf,True,True,False,20,110
214,18281256,10.1093/toxsci/kfn025,2008,True,https://doi.org/10.1093/toxsci/kfn025,https://academic.oup.com/toxsci/article-pdf/103/1/46/16679282/kfn025.pdf,True,True,False,186,41
215,17448680,10.1016/j.annepidem.2007.01.036,2007,False,https://doi.org/10.1016/j.annepidem.2007.01.036,,True,True,False,99,31
216,19013232,10.1016/j.reprotox.2008.10.003,2008,False,https://doi.org/10.1016/j.reprotox.2008.10.003,,True,True,False,85,40
217,22609092,10.1016/j.toxlet.2012.05.007,2012,False,https://doi.org/10.1016/j.toxlet.2012.05.007,,True,True,False,57,40
218,24284021,10.1289/ehp.121-a340,2013,True,https://doi.org/10.1289/ehp.121-a340,https://ehp.niehs.nih.gov/doi/epdf/10.1289/ehp.121-A340,True,True,False,57,6
219,29462473,10.1093/toxsci/kfy035,2018,True,https://doi.org/10.1093/toxsci/kfy035,https://academic.oup.com/toxsci/article-pdf/163/1/293/25092947/kfy035.pdf,True,True,False,51,94
220,26724606,10.1016/j.etap.2015.12.009,2015,False,https://doi.org/10.1016/j.etap.2015.12.009,,True,True,False,45,74
221,28131474,10.1016/j.envpol.2017.01.041,2017,False,https://doi.org/10.1016/j.envpol.2017.01.041,,True,True,False,41,51
222,32741292,10.1080/10937404.2020.1798315,2020,False,https://doi.org/10.1080/10937404.2020.1798315,,True,True,False,34,49
223,28885018,10.1021/acs.est.7b02690,2017,False,https://doi.org/10.1021/acs.est.7b02690,,True,True,False,32,67
224,33007577,10.1016/j.envint.2020.106148,2020,True,https://doi.org/10.1016/j.envint.2020.106148,,True,True,False,32,73
225,32315686,10.1016/j.fct.2020.111358,2020,False,https://doi.org/10.1016/j.fct.2020.111358,,True,True,False,24,82
226,35216589,10.1186/s12940-022-00840-4,2022,True,https://doi.org/10.1186/s12940-022-00840-4,https://ehjournal.biomedcentral.com/track/pdf/10.1186/s12940-022-00840-4,True,True,False,21,47
227,31524277,10.3892/or.2019.7265,2019,True,https://doi.org/10.3892/or.2019.7265,http://www.spandidos-publications.com/10.3892/or.2019.7265/download,True,True,False,20,42
228,38462188,10.1016/j.chemosphere.2024.141654,2024,False,https://doi.org/10.1016/j.chemosphere.2024.141654,,True,True,False,15,109
229,38492750,10.1016/j.envpol.2024.123776,2024,False,https://doi.org/10.1016/j.envpol.2024.123776,,True,True,False,15,33
230,35887249,10.3390/ijms23147900,2022,True,https://doi.org/10.3390/ijms23147900,https://www.mdpi.com/1422-0067/23/14/7900/pdf?version=1658133120,True,True,False,14,45
231,37967710,10.1016/j.envpol.2023.122910,2023,False,https://doi.org/10.1016/j.envpol.2023.122910,,True,True,False,11,78
232,38367345,10.1530/raf-23-0087,2024,True,https://doi.org/10.1530/raf-23-0087,https://raf.bioscientifica.com/downloadpdf/view/journals/raf/aop/raf-23-0087/raf-23-0087.pdf,True,True,False,7,107
233,38523457,10.1002/em.22589,2024,True,https://doi.org/10.1002/em.22589,https://onlinelibrary.wiley.com/doi/pdfdirect/10.1002/em.22589,True,True,False,7,72
234,39895706,10.1021/acsomega.4c07198,2025,True,https://doi.org/10.1021/acsomega.4c07198,,True,True,False,7,47
235,39032741,10.1016/j.scitotenv.2024.174864,2024,True,https://doi.org/10.1016/j.scitotenv.2024.174864,,True,True,False,5,108
236,23435180,10.1016/j.tox.2013.02.009,2013,False,https://doi.org/10.1016/j.tox.2013.02.009,,True,True,False,27,36
237,30703684,10.1016/j.envpol.2019.01.035,2019,False,https://doi.org/10.1016/j.envpol.2019.01.035,,True,True,False,24,42
238,29113040,10.3390/toxics5040031,2017,True,https://doi.org/10.3390/toxics5040031,https://www.mdpi.com/2305-6304/5/4/31/pdf,True,True,False,22,46
239,27219106,10.1080/10410236.2016.1138350,2016,False,https://doi.org/10.1080/10410236.2016.1138350,,True,True,False,15,43
240,36148678,10.1111/php.13728,2022,True,https://doi.org/10.1111/php.13728,https://onlinelibrary.wiley.com/doi/pdfdirect/10.1111/php.13728,True,True,False,14,86
241,34434601,10.5696/2156-9614-11.31.210909,2021,True,https://doi.org/10.5696/2156-9614-11.31.210909,https://meridian.allenpress.com/jhp/article-pdf/11/31/210909/2888381/i2156-9614-11-31-210909.pdf,True,True,False,13,44
242,33422635,10.1016/j.tiv.2021.105077,2021,False,https://doi.org/10.1016/j.tiv.2021.105077,,True,True,False,11,64
243,34500266,10.1016/j.scitotenv.2021.149910,2021,False,https://doi.org/10.1016/j.scitotenv.2021.149910,,True,True,False,10,42
244,38251466,10.1016/j.ebiom.2023.104866,2023,True,https://doi.org/10.1016/j.ebiom.2023.104866,http://www.thelancet.com/article/S2352396423004322/pdf,True,True,False,9,11
245,38754493,10.1016/j.chemosphere.2024.142332,2024,True,https://doi.org/10.1016/j.chemosphere.2024.142332,,True,True,False,8,91
246,37657409,10.1016/j.envint.2023.108170,2023,True,https://doi.org/10.1016/j.envint.2023.108170,,True,True,False,6,70
247,37802284,10.1016/j.envpol.2023.122684,2023,False,https://doi.org/10.1016/j.envpol.2023.122684,,True,True,False,6,45
248,38251008,10.3390/toxics12010052,2024,True,https://doi.org/10.3390/toxics12010052,https://www.mdpi.com/2305-6304/12/1/52/pdf?version=1704869452,True,True,False,6,56
249,38549149,10.1186/s12940-024-01064-4,2024,True,https://doi.org/10.1186/s12940-024-01064-4,https://ehjournal.biomedcentral.com/counter/pdf/10.1186/s12940-024-01064-4,True,True,False,6,8
250,38636840,10.1016/j.envpol.2024.123995,2024,False,https://doi.org/10.1016/j.envpol.2024.123995,,True,True,False,6,73
251,38936497,10.1016/j.envres.2024.119496,2024,False,https://doi.org/10.1016/j.envres.2024.119496,,True,True,False,5,103
252,39047989,10.1016/j.tiv.2024.105910,2024,False,https://doi.org/10.1016/j.tiv.2024.105910,,True,True,False,5,42
253,39755358,10.1016/j.envpol.2025.125629,2025,False,https://doi.org/10.1016/j.envpol.2025.125629,,True,True,False,4,46
254,39893674,10.1021/acs.est.4c10595,2025,True,https://doi.org/10.1021/acs.est.4c10595,,True,True,False,4,38
255,40359556,10.1097/js9.0000000000002461,2025,True,https://doi.org/10.1097/js9.0000000000002461,,True,True,False,4,48
256,39522787,10.1016/j.scitotenv.2024.177472,2024,True,https://doi.org/10.1016/j.scitotenv.2024.177472,,True,True,False,3,79
257,40327938,10.1016/j.jhazmat.2025.138458,2025,False,https://doi.org/10.1016/j.jhazmat.2025.138458,,True,True,False,3,69
258,14757943,10.1155/2003/135859,2003,True,https://doi.org/10.1155/2003/135859,https://downloads.hindawi.com/journals/dm/2003/135859.pdf,True,True,False,22,33
259,19631249,10.1016/j.fct.2009.07.016,2009,False,https://doi.org/10.1016/j.fct.2009.07.016,,True,True,False,22,205
260,31092435,10.21873/anticanres.13360,2019,True,https://doi.org/10.21873/anticanres.13360,https://ar.iiarjournals.org/content/anticanres/39/5/2429.full.pdf,True,True,False,13,22
261,22124892,10.1007/s13187-011-0287-y,2011,False,https://doi.org/10.1007/s13187-011-0287-y,,True,True,False,9,18
262,38166544,10.1080/15376516.2023.2299485,2024,False,https://doi.org/10.1080/15376516.2023.2299485,,True,True,False,2,50
263,39008919,10.1016/j.envint.2024.108879,2024,True,https://doi.org/10.1016/j.envint.2024.108879,,True,True,False,2,57
264,40203759,10.1016/j.jhazmat.2025.138112,2025,False,https://doi.org/10.1016/j.jhazmat.2025.138112,,True,True,False,2,91
265,15150014,10.2214/ajr.182.6.1821587,2004,False,https://doi.org/10.2214/ajr.182.6.1821587,,True,True,False,19,11
266,26053370,10.1097/jom.0000000000000446,2015,False,https://doi.org/10.1097/jom.0000000000000446,,True,True,False,6,6
267,18976510,10.1017/s0022215108003988,2008,False,https://doi.org/10.1017/s0022215108003988,,True,True,False,5,21
268,32821792,10.1177/2374373519840343,2019,True,https://doi.org/10.1177/2374373519840343,https://journals.sagepub.com/doi/pdf/10.1177/2374373519840343,True,True,False,4,12
269,37857187,10.1016/j.envint.2023.108241,2023,True,https://doi.org/10.1016/j.envint.2023.108241,,True,True,False,3,55
270,36804611,10.1016/j.etap.2023.104083,2023,False,https://doi.org/10.1016/j.etap.2023.104083,,True,True,False,2,90
271,38850938,10.1016/j.jhazmat.2024.134790,2024,False,https://doi.org/10.1016/j.jhazmat.2024.134790,,True,True,False,2,82
272,39824442,10.1016/j.slasd.2025.100212,2025,True,https://doi.org/10.1016/j.slasd.2025.100212,,True,True,False,1,55
273,40065485,10.1111/php.14073,2025,True,https://doi.org/10.1111/php.14073,https://onlinelibrary.wiley.com/doi/pdfdirect/10.1111/php.14073,True,True,False,1,81
274,40865710,10.1016/j.fct.2025.115714,2025,False,https://doi.org/10.1016/j.fct.2025.115714,,True,True,False,1,45
275,23599107,10.1177/014556131309200418,2013,False,https://doi.org/10.1177/014556131309200418,,True,True,False,3,8
276,34029176,10.1080/10962247.2021.1917899,2021,True,https://doi.org/10.1080/10962247.2021.1917899,https://www.tandfonline.com/doi/pdf/10.1080/10962247.2021.1917899?needAccess=true,True,True,False,2,2
277,5502552,,1970,False,https://pubmed.ncbi.nlm.nih.gov/5502552,,True,True,False,0,0
278,38493768,10.1159/000538179,2024,False,https://doi.org/10.1159/000538179,,True,True,False,0,10
279,39699232,10.1093/annweh/wxae099,2024,True,https://doi.org/10.1093/annweh/wxae099,https://academic.oup.com/annweh/advance-article-pdf/doi/10.1093/annweh/wxae099/61237070/wxae099.pdf,True,True,False,0,28
280,39722626,10.3724/sp.j.1123.2024.05022,2025,False,https://doi.org/10.3724/sp.j.1123.2024.05022,,True,True,False,0,23
281,39827896,10.1016/s1470-2045(25)00011-7,2025,False,https://doi.org/10.1016/s1470-2045(25)00011-7,,True,True,False,0,0
282,40288113,10.1016/j.canep.2025.102831,2025,False,https://doi.org/10.1016/j.canep.2025.102831,,True,True,False,0,46
283,40630524,10.21203/rs.3.rs-6829962/v1,2025,True,https://doi.org/10.21203/rs.3.rs-6829962/v1,https://www.researchsquare.com/article/rs-6829962/latest.pdf,True,False,False,0,33
284,40716601,10.1016/j.envres.2025.122436,2025,False,https://doi.org/10.1016/j.envres.2025.122436,,True,True,False,0,64
285,40784597,10.1016/j.tox.2025.154260,2025,False,https://doi.org/10.1016/j.tox.2025.154260,,True,True,False,0,91
286,40826074,10.1186/s13058-025-02103-9,2025,True,https://doi.org/10.1186/s13058-025-02103-9,https://breast-cancer-research.biomedcentral.com/counter/pdf/10.1186/s13058-025-02103-9,True,True,False,0,37
287,40858661,10.1038/s41598-025-15765-4,2025,True,https://doi.org/10.1038/s41598-025-15765-4,https://www.nature.com/articles/s41598-025-15765-4.pdf,True,True,False,0,45
288,40939531,10.1016/j.envint.2025.109778,2025,True,https://doi.org/10.1016/j.envint.2025.109778,,True,True,False,0,81
289,40972277,10.1016/j.talanta.2025.128833,2025,False,https://doi.org/10.1016/j.talanta.2025.128833,,True,True,False,0,46
290,41117271,10.1080/15376516.2025.2570331,2025,False,https://doi.org/10.1080/15376516.2025.2570331,,True,True,False,0,56
291,41121538,10.1002/jat.4961,2025,True,https://doi.org/10.1002/jat.4961,https://onlinelibrary.wiley.com/doi/pdfdirect/10.1002/jat.4961,True,True,False,0,102
292,30148183,10.1021/acs.estlett.6b00435,2017,False,https://doi.org/10.1021/acs.estlett.6b00435,,True,True,False,534,60
293,11895922,,2002,False,https://pubmed.ncbi.nlm.nih.gov/11895922,,True,True,False,515,25
294,19797969,10.1097/ede.0b013e3181b5f395,2009,False,https://doi.org/10.1097/ede.0b013e3181b5f395,,True,True,False,152,33
295,22266392,10.1016/j.tox.2012.01.003,2012,False,https://doi.org/10.1016/j.tox.2012.01.003,,True,True,False,138,45
296,25148915,10.1007/s10552-014-0446-7,2014,True,https://doi.org/10.1007/s10552-014-0446-7,https://link.springer.com/content/pdf/10.1007/s10552-014-0446-7.pdf,True,True,False,135,54
297,25601914,10.1136/oemed-2014-102364,2015,False,https://doi.org/10.1136/oemed-2014-102364,,True,True,False,112,31
298,25226391,10.3791/51554,2014,True,https://doi.org/10.3791/51554,https://www.jove.com/pdf/51554/isolation-human-monocytes-double-gradient-centrifugation-their,True,True,False,97,33
299,36178797,10.1289/ehp11185,2022,True,https://doi.org/10.1289/ehp11185,,True,True,False,77,19
300,34618433,10.1021/acs.est.1c02850,2021,False,https://doi.org/10.1021/acs.est.1c02850,,True,True,False,75,52
301,28738424,10.14573/altex.1703231,2017,True,https://doi.org/10.14573/altex.1703231,https://www.altex.org/index.php/altex/article/download/98/135,True,True,False,73,47
302,35123991,10.1016/j.cbi.2022.109844,2022,False,https://doi.org/10.1016/j.cbi.2022.109844,,True,True,False,54,55
303,34564296,10.3390/jox11030008,2021,True,https://doi.org/10.3390/jox11030008,https://www.mdpi.com/2039-4713/11/3/8/pdf?version=1631757651,True,True,False,47,103
304,36668758,10.3390/toxics11010032,2022,True,https://doi.org/10.3390/toxics11010032,https://www.mdpi.com/2305-6304/11/1/32/pdf?version=1672315983,True,True,False,47,213
305,37718377,10.1038/s41370-023-00601-6,2023,True,https://doi.org/10.1038/s41370-023-00601-6,https://www.nature.com/articles/s41370-023-00601-6.pdf,True,True,False,46,55
306,34293563,10.1016/j.chemosphere.2021.131545,2021,False,https://doi.org/10.1016/j.chemosphere.2021.131545,,True,True,False,44,85
307,37148752,10.1016/j.ecoenv.2023.114980,2023,True,https://doi.org/10.1016/j.ecoenv.2023.114980,,True,True,False,41,73
308,34894427,10.1016/j.ecoenv.2021.113059,2021,True,https://doi.org/10.1016/j.ecoenv.2021.113059,,True,True,False,38,30
309,35325096,10.1210/endocr/bqac034,2022,True,https://doi.org/10.1210/endocr/bqac034,https://academic.oup.com/endo/article-pdf/163/5/bqac034/45485441/bqac034.pdf,True,True,False,38,118
310,37813138,10.1016/j.envres.2023.117308,2023,False,https://doi.org/10.1016/j.envres.2023.117308,,True,True,False,34,132
311,38627679,10.1186/s12940-024-01074-2,2024,True,https://doi.org/10.1186/s12940-024-01074-2,https://ehjournal.biomedcentral.com/counter/pdf/10.1186/s12940-024-01074-2,True,True,False,32,99
312,38105065,10.1016/j.jes.2023.05.026,2023,False,https://doi.org/10.1016/j.jes.2023.05.026,,True,True,False,28,72
313,37424586,10.1007/s13197-022-05545-7,2022,False,https://doi.org/10.1007/s13197-022-05545-7,,True,True,False,26,76
314,38092046,10.1093/jnci/djad261,2023,True,https://doi.org/10.1093/jnci/djad261,https://academic.oup.com/jnci/advance-article-pdf/doi/10.1093/jnci/djad261/54408187/djad261.pdf,True,True,False,17,37
315,39680570,10.1111/1541-4337.70079,2024,False,https://doi.org/10.1111/1541-4337.70079,,True,True,False,17,376
316,10389947,,1999,False,https://pubmed.ncbi.nlm.nih.gov/10389947,,True,True,False,134,15
317,10625790,10.1016/s0016-5107(00)70381-6,2000,False,https://doi.org/10.1016/s0016-5107(00)70381-6,,True,True,False,83,23
318,6609609,10.2214/ajr.142.6.1201,1984,True,https://doi.org/10.2214/ajr.142.6.1201,https://www.ajronline.org/doi/pdf/10.2214/ajr.142.6.1201,True,True,False,73,11
319,24729420,10.1002/anie.201402037,2014,False,https://doi.org/10.1002/anie.201402037,,True,True,False,61,29
320,21704190,10.1016/j.cbpc.2011.05.013,2011,False,https://doi.org/10.1016/j.cbpc.2011.05.013,,True,True,False,56,93
321,31323350,10.1016/j.reprotox.2019.06.012,2019,False,https://doi.org/10.1016/j.reprotox.2019.06.012,,True,True,False,53,62
322,22366483,10.1016/j.ijpharm.2012.02.016,2012,False,https://doi.org/10.1016/j.ijpharm.2012.02.016,,True,True,False,43,32
323,23495787,10.1111/php.12072,2013,False,https://doi.org/10.1111/php.12072,,True,True,False,32,37
324,21424012,10.1039/c0mb00311e,2011,False,https://doi.org/10.1039/c0mb00311e,,True,True,False,29,20
325,34617528,10.1039/d1bm01280k,2021,False,https://doi.org/10.1039/d1bm01280k,,True,True,False,25,70
326,31776573,10.1093/jat/bkz097,2019,True,https://doi.org/10.1093/jat/bkz097,https://academic.oup.com/jat/article-pdf/44/4/339/33399191/bkz097.pdf,True,True,False,24,30
327,29846718,10.1093/toxsci/kfy126,2018,True,https://doi.org/10.1093/toxsci/kfy126,https://academic.oup.com/toxsci/article-pdf/165/1/131/26077270/kfy126.pdf,True,True,False,19,66
328,34899026,10.1016/j.atmosenv.2021.118845,2021,False,https://doi.org/10.1016/j.atmosenv.2021.118845,,True,True,False,19,28
329,33944624,10.1177/10915818211010490,2021,False,https://doi.org/10.1177/10915818211010490,,True,True,False,17,65
330,34763017,10.1016/j.envpol.2021.118483,2021,False,https://doi.org/10.1016/j.envpol.2021.118483,,True,True,False,15,48
331,37742859,10.1016/j.envpol.2023.122610,2023,False,https://doi.org/10.1016/j.envpol.2023.122610,,True,True,False,14,69
332,36356761,10.1016/j.scitotenv.2022.159923,2022,False,https://doi.org/10.1016/j.scitotenv.2022.159923,,True,True,False,13,59
333,37459689,10.1016/j.envint.2023.108093,2023,True,https://doi.org/10.1016/j.envint.2023.108093,,True,True,False,8,52
334,38227930,10.1021/acsbiomaterials.3c01275,2024,True,https://doi.org/10.1021/acsbiomaterials.3c01275,https://pubs.acs.org/doi/pdf/10.1021/acsbiomaterials.3c01275,True,True,False,7,32
335,40042489,10.1021/acs.est.4c12204,2025,True,https://doi.org/10.1021/acs.est.4c12204,https://pubs.acs.org/doi/pdf/10.1021/acs.est.4c12204?ref=article_openPDF,True,True,False,5,91
336,9398044,10.1002/(sici)1097-0215(19971127)73:5<670::aid-ijc10>3.0.co;2-a,1997,True,https://doi.org/10.1002/(sici)1097-0215(19971127)73:5<670::aid-ijc10>3.0.co;2-a,https://onlinelibrary.wiley.com/doi/pdfdirect/10.1002/%28SICI%291097-0215%2819971127%2973%3A5%3C670%3A%3AAID-IJC10%3E3.0.CO%3B2-A,True,True,False,99,19
337,14629630,10.1046/j.1365-3083.2003.01333.x,2003,True,https://doi.org/10.1046/j.1365-3083.2003.01333.x,https://onlinelibrary.wiley.com/doi/pdfdirect/10.1046/j.1365-3083.2003.01333.x,True,True,False,66,27
338,8849802,10.1097/00005537-199610000-00022,1996,False,https://doi.org/10.1097/00005537-199610000-00022,,True,True,False,47,4
339,20876037,10.1289/ehp.1001988,2010,True,https://doi.org/10.1289/ehp.1001988,,True,True,False,42,17
340,15075997,10.1097/00042737-200402000-00015,2004,False,https://doi.org/10.1097/00042737-200402000-00015,,True,True,False,36,16
341,25686407,10.1021/acs.jpcb.5b00808,2015,False,https://doi.org/10.1021/acs.jpcb.5b00808,,True,True,False,15,85
342,32919259,10.1016/j.envint.2020.106095,2020,True,https://doi.org/10.1016/j.envint.2020.106095,https://www.sciencedirect.com/science/article/pii/S016041202032050X?via%3Dihub,True,True,False,15,51
343,27350149,10.1007/s00232-016-9914-1,2016,True,https://doi.org/10.1007/s00232-016-9914-1,https://link.springer.com/content/pdf/10.1007%2Fs00232-016-9914-1.pdf,True,True,False,13,35
344,37499384,10.1016/j.ecoenv.2023.115267,2023,True,https://doi.org/10.1016/j.ecoenv.2023.115267,,True,True,False,7,34
345,38377901,10.1016/j.jhazmat.2024.133743,2024,False,https://doi.org/10.1016/j.jhazmat.2024.133743,,True,True,False,6,81
346,39255936,10.1016/j.scitotenv.2024.176072,2024,False,https://doi.org/10.1016/j.scitotenv.2024.176072,,True,True,False,4,84
347,40400555,10.1021/envhealth.4c00240,2025,True,https://doi.org/10.1021/envhealth.4c00240,,True,True,False,3,70
348,40015485,10.1016/j.reprotox.2025.108866,2025,False,https://doi.org/10.1016/j.reprotox.2025.108866,,True,True,False,3,46
349,40243467,10.3390/ijms26072879,2025,True,https://doi.org/10.3390/ijms26072879,,True,True,False,3,84
350,15709148,,2005,False,https://pubmed.ncbi.nlm.nih.gov/15709148,,True,True,False,34,11
351,28242422,10.1016/j.toxlet.2017.02.017,2017,False,https://doi.org/10.1016/j.toxlet.2017.02.017,,True,True,False,14,39
352,36084456,10.1016/j.jhazmat.2022.129826,2022,False,https://doi.org/10.1016/j.jhazmat.2022.129826,,True,True,False,5,74
353,39388845,10.1016/j.envint.2024.109058,2024,True,https://doi.org/10.1016/j.envint.2024.109058,,True,True,False,2,34
354,17519842,,2007,False,https://pubmed.ncbi.nlm.nih.gov/17519842,,True,True,False,15,0
355,17606041,10.1016/j.amjoto.2006.08.016,2007,False,https://doi.org/10.1016/j.amjoto.2006.08.016,,True,True,False,11,11
356,17129391,10.1186/1477-3163-5-26,2006,True,https://doi.org/10.1186/1477-3163-5-26,http://carcinogenesis.com/images/pdf/JCarcinog_2006_5_1_26_42184.pdf,True,True,False,9,25
357,34601270,10.1016/j.apradiso.2021.109952,2021,False,https://doi.org/10.1016/j.apradiso.2021.109952,,True,True,False,5,39
358,39215890,10.1186/s13568-024-01749-6,2024,True,https://doi.org/10.1186/s13568-024-01749-6,,True,True,False,2,52
359,39818159,10.1016/j.scitotenv.2025.178474,2025,True,https://doi.org/10.1016/j.scitotenv.2025.178474,,True,True,False,1,65
360,3136081,10.1016/s0171-2985(88)80038-x,1988,False,https://doi.org/10.1016/s0171-2985(88)80038-x,,True,True,False,35,51
361,1519169,,1992,False,https://pubmed.ncbi.nlm.nih.gov/1519169,,True,True,False,8,12
362,7314331,10.1007/bf00257778,1981,False,https://doi.org/10.1007/bf00257778,,True,True,False,8,12
363,6962823,,1980,False,https://pubmed.ncbi.nlm.nih.gov/6962823,,True,True,False,6,0
364,1877126,10.1016/s0090-4295(05)80070-6,1991,False,https://doi.org/10.1016/s0090-4295(05)80070-6,,True,True,False,2,58
365,1281764,,1992,False,https://pubmed.ncbi.nlm.nih.gov/1281764,,True,True,False,1,0
366,7959814,10.1109/10.312095,1994,False,https://doi.org/10.1109/10.312095,,True,True,False,15,10
367,1915535,10.1159/000473645,1991,False,https://doi.org/10.1159/000473645,,True,True,False,5,0
368,1565845,10.1016/0923-2494(92)80078-y,1992,False,https://doi.org/10.1016/0923-2494(92)80078-y,,True,True,False,4,26
369,4059568,10.1148/radiology.157.3.4059568,1985,False,https://doi.org/10.1148/radiology.157.3.4059568,,True,True,False,2,0
370,7122932,,1982,False,https://pubmed.ncbi.nlm.nih.gov/7122932,,True,True,False,1,0
371,3795482,,1986,False,https://pubmed.ncbi.nlm.nih.gov/3795482,,True,True,False,1,0
372,17934545,,2008,False,https://pubmed.ncbi.nlm.nih.gov/17934545,,True,True,False,0,0
373,1613280,,1992,False,https://pubmed.ncbi.nlm.nih.gov/1613280,,True,True,False,0,0
374,399771,,1981,False,https://pubmed.ncbi.nlm.nih.gov/399771,,True,True,False,0,0
375,2782901,,1989,False,https://pubmed.ncbi.nlm.nih.gov/2782901,,True,True,False,0,0
376,34476146,10.1097/gox.0000000000003718,2021,True,https://doi.org/10.1097/gox.0000000000003718,,True,True,False,0,10
377,38182014,10.1016/j.yrtph.2024.105560,2024,False,https://doi.org/10.1016/j.yrtph.2024.105560,,True,True,False,0,14
378,39213722,10.1016/j.mam.2024.101307,2024,False,https://doi.org/10.1016/j.mam.2024.101307,,True,True,False,0,132
379,40029199,10.1097/nmc.0000000000001090,2025,False,https://doi.org/10.1097/nmc.0000000000001090,,True,True,False,0,19
380,40130333,10.1021/jacs.4c18434,2025,True,https://doi.org/10.1021/jacs.4c18434,https://pubs.acs.org/doi/pdf/10.1021/jacs.4c18434?ref=article_openPDF,True,True,False,0,55
381,40555023,10.1016/j.jhazmat.2025.138994,2025,False,https://doi.org/10.1016/j.jhazmat.2025.138994,,True,True,False,0,77
382,40557442,10.1097/js9.0000000000002858,2025,True,https://doi.org/10.1097/js9.0000000000002858,,True,True,False,0,3
383,40724183,10.3390/ijerph22071116,2025,True,https://doi.org/10.3390/ijerph22071116,https://www.mdpi.com/1660-4601/22/7/1116/pdf?version=1752588726,True,True,False,0,96
384,40674664,10.1515/reveh-2025-0055,2025,False,https://doi.org/10.1515/reveh-2025-0055,,True,True,False,0,42
385,40714482,10.1016/j.enzmictec.2025.110724,2025,False,https://doi.org/10.1016/j.enzmictec.2025.110724,,True,True,True,0,29
386,40829400,10.1016/j.jhazmat.2025.139551,2025,False,https://doi.org/10.1016/j.jhazmat.2025.139551,,True,True,False,0,94
387,40839043,10.1097/js9.0000000000003256,2025,True,https://doi.org/10.1097/js9.0000000000003256,,True,True,False,0,0
388,40925179,10.1016/j.ecoenv.2025.119010,2025,True,https://doi.org/10.1016/j.ecoenv.2025.119010,,True,True,False,0,55
389,16018807,10.1186/1465-9921-6-71,2005,True,https://doi.org/10.1186/1465-9921-6-71,https://respiratory-research.biomedcentral.com/counter/pdf/10.1186/1465-9921-6-71,True,True,False,402,33
390,16424039,10.1158/0008-5472.can-05-3077,2006,True,https://doi.org/10.1158/0008-5472.can-05-3077,https://aacrjournals.org/cancerres/article-pdf/66/2/1033/2556608/1033.pdf,True,True,False,241,30
391,17056197,10.1016/j.ijrobp.2006.08.031,2006,False,https://doi.org/10.1016/j.ijrobp.2006.08.031,,True,True,False,231,32
392,14504359,10.1136/oem.60.10.722,2003,True,https://doi.org/10.1136/oem.60.10.722,https://oem.bmj.com/content/oemed/60/10/722.full.pdf,True,True,False,178,24
393,33819127,10.1080/10408398.2021.1903382,2021,True,https://doi.org/10.1080/10408398.2021.1903382,https://www.tandfonline.com/doi/pdf/10.1080/10408398.2021.1903382?needAccess=true,True,True,False,162,326
394,29883763,10.1016/j.envint.2018.05.020,2018,False,https://doi.org/10.1016/j.envint.2018.05.020,,True,True,False,87,60
395,39183960,10.5334/aogh.4459,2024,True,https://doi.org/10.5334/aogh.4459,,True,True,False,44,114
396,35410624,10.2174/1871530322666220411082656,2022,False,https://doi.org/10.2174/1871530322666220411082656,,True,True,False,39,94
397,38986619,10.1016/j.cell.2024.06.023,2024,False,https://doi.org/10.1016/j.cell.2024.06.023,,True,True,False,16,95
398,10524321,10.2144/99274rr01,1999,True,https://doi.org/10.2144/99274rr01,,True,True,False,328,8
399,1701343,,1990,False,https://pubmed.ncbi.nlm.nih.gov/1701343,,True,True,False,192,37
400,25510554,10.1186/1471-2466-14-202,2014,True,https://doi.org/10.1186/1471-2466-14-202,https://bmcpulmmed.biomedcentral.com/counter/pdf/10.1186/1471-2466-14-202,True,True,False,82,50
401,17608923,10.1186/1471-2407-7-119,2007,True,https://doi.org/10.1186/1471-2407-7-119,https://bmccancer.biomedcentral.com/counter/pdf/10.1186/1471-2407-7-119,True,True,False,61,20
402,15136386,10.1378/chest.125.5.1747,2004,False,https://doi.org/10.1378/chest.125.5.1747,,True,True,False,53,30
403,31376682,10.1016/j.etap.2019.103225,2019,False,https://doi.org/10.1016/j.etap.2019.103225,,True,True,False,49,31
404,30022264,10.1007/s00204-018-2266-0,2018,False,https://doi.org/10.1007/s00204-018-2266-0,,True,True,False,42,72
405,21679645,10.1177/000313481107700632,2011,False,https://doi.org/10.1177/000313481107700632,,True,True,False,41,19
406,25143661,10.1080/00909882.2013.854400,2013,False,https://doi.org/10.1080/00909882.2013.854400,,True,True,False,26,36
407,36483254,10.3389/fpubh.2022.980987,2022,True,https://doi.org/10.3389/fpubh.2022.980987,https://www.frontiersin.org/articles/10.3389/fpubh.2022.980987/pdf,True,True,False,25,55
408,35948114,10.1016/j.envpol.2022.119841,2022,False,https://doi.org/10.1016/j.envpol.2022.119841,,True,True,False,21,38
409,34600088,10.1016/j.tox.2021.152964,2021,False,https://doi.org/10.1016/j.tox.2021.152964,,True,True,False,19,71
410,37574057,10.1016/j.scitotenv.2023.166257,2023,False,https://doi.org/10.1016/j.scitotenv.2023.166257,,True,True,False,19,69
411,23790294,10.1016/j.aca.2013.05.021,2013,False,https://doi.org/10.1016/j.aca.2013.05.021,,True,True,False,16,41
412,38365076,10.1016/j.envpol.2024.123574,2024,False,https://doi.org/10.1016/j.envpol.2024.123574,,True,True,False,15,55
413,38701644,10.1016/j.envint.2024.108710,2024,True,https://doi.org/10.1016/j.envint.2024.108710,https://ars.els-cdn.com/content/image/1-s2.0-S0160412024002964-ga1_lrg.jpg,True,True,False,14,101
414,39058133,10.3390/toxics12070481,2024,True,https://doi.org/10.3390/toxics12070481,,True,True,False,8,115
415,39996819,10.3390/cimb47020098,2025,True,https://doi.org/10.3390/cimb47020098,,True,True,False,5,94
416,11049977,10.1182/blood.v96.9.3001,2000,False,https://doi.org/10.1182/blood.v96.9.3001,,True,True,False,159,25
417,9260106,10.1002/(sici)1097-4636(19970905)36:3<347::aid-jbm10>3.0.co;2-b,1997,False,https://doi.org/10.1002/(sici)1097-4636(19970905)36:3<347::aid-jbm10>3.0.co;2-b,,True,True,False,80,34
418,1651160,10.1007/bf01756597,1991,False,https://doi.org/10.1007/bf01756597,,True,True,False,62,26
419,8583806,10.1016/s0022-5223(96)70442-7,1996,True,https://doi.org/10.1016/s0022-5223(96)70442-7,http://www.jtcvs.org/article/S0022522396704427/pdf,True,True,False,57,12
420,10693071,10.1097/00043764-200002000-00004,2000,False,https://doi.org/10.1097/00043764-200002000-00004,,True,True,False,54,18
421,18924311,,2008,False,https://pubmed.ncbi.nlm.nih.gov/18924311,,True,True,False,43,0
422,26004562,10.1007/s11356-015-4729-7,2015,False,https://doi.org/10.1007/s11356-015-4729-7,,True,True,False,34,43
423,18492268,10.1186/1477-5956-6-13,2008,True,https://doi.org/10.1186/1477-5956-6-13,https://proteomesci.biomedcentral.com/counter/pdf/10.1186/1477-5956-6-13,True,True,False,33,34
424,21339722,10.3791/2535,2011,True,https://doi.org/10.3791/2535,https://www.jove.com/pdf/2535/an-orthotopic-model-of-murine-bladder-cancer,True,True,False,24,5
425,27660808,10.1117/1.jmi.3.3.035505,2016,True,https://doi.org/10.1117/1.jmi.3.3.035505,https://www.spiedigitallibrary.org/journals/Journal-of-Medical-Imaging/volume-3/issue-3/035505/Tumor-volume-measurement-error-using-computed-tomography-imaging-in-a/10.1117/1.JMI.3.3.035505.pdf,True,True,False,23,13
426,31698041,10.1016/j.ejpb.2019.10.011,2019,False,https://doi.org/10.1016/j.ejpb.2019.10.011,,True,True,False,19,38
427,34045957,10.3389/fphar.2021.630457,2021,True,https://doi.org/10.3389/fphar.2021.630457,,True,True,False,19,71
428,33335811,10.7717/peerj.10468,2020,True,https://doi.org/10.7717/peerj.10468,,True,True,False,17,37
429,6640835,10.1007/bf00256719,1983,False,https://doi.org/10.1007/bf00256719,,True,True,False,13,6
430,20951998,10.1016/j.jss.2010.09.041,2010,False,https://doi.org/10.1016/j.jss.2010.09.041,,True,True,False,13,18
431,38952587,10.7759/cureus.61492,2024,True,https://doi.org/10.7759/cureus.61492,https://assets.cureus.com/uploads/original_article/pdf/249813/20240601-21167-mb3isv.pdf,True,True,False,8,22
432,3664945,10.1007/bf00262476,1987,False,https://doi.org/10.1007/bf00262476,,True,True,False,7,2
433,36181250,10.1002/jat.4398,2022,True,https://doi.org/10.1002/jat.4398,https://onlinelibrary.wiley.com/doi/pdfdirect/10.1002/jat.4398,True,True,False,7,60
434,38563870,10.1007/s00204-024-03729-y,2024,False,https://doi.org/10.1007/s00204-024-03729-y,,True,True,False,6,64
435,38876375,10.1016/j.envpol.2024.124369,2024,False,https://doi.org/10.1016/j.envpol.2024.124369,,True,True,False,6,68
436,40056347,10.1007/s11356-025-36197-7,2025,True,https://doi.org/10.1007/s11356-025-36197-7,,True,True,False,3,246
437,6825618,10.1289/ehp.8347255,1983,True,https://doi.org/10.1289/ehp.8347255,,True,True,False,40,38
438,15461859,10.1177/039463200401700305,2004,False,https://doi.org/10.1177/039463200401700305,,True,True,False,22,23
439,1304657,10.1620/tjem.168.507,1992,True,https://doi.org/10.1620/tjem.168.507,https://www.jstage.jst.go.jp/article/tjem1920/168/3/168_3_507/_pdf,True,True,False,14,5
440,22734754,10.1117/1.jbo.17.6.061224,2012,True,https://doi.org/10.1117/1.jbo.17.6.061224,https://www.spiedigitallibrary.org/journals/journal-of-biomedical-optics/volume-17/issue-6/061224/Suppression-of-background-signal-in-magnetomotive-photoacoustic-imaging-of-magnetic/10.1117/1.JBO.17.6.061224.pdf,True,True,False,10,47
441,19211311,10.1016/j.brachy.2008.12.003,2009,False,https://doi.org/10.1016/j.brachy.2008.12.003,,True,True,False,9,20
442,34051581,10.1016/j.envpol.2021.117385,2021,False,https://doi.org/10.1016/j.envpol.2021.117385,,True,True,False,7,35
443,36557247,10.3390/metabo12121210,2022,True,https://doi.org/10.3390/metabo12121210,https://www.mdpi.com/2218-1989/12/12/1210/pdf?version=1670229928,True,True,False,6,66
444,35496446,10.1039/d1ra06148h,2021,True,https://doi.org/10.1039/d1ra06148h,https://pubs.rsc.org/en/content/articlepdf/2021/ra/d1ra06148h,True,True,False,5,51
445,38743960,10.1080/15257770.2024.2351135,2024,False,https://doi.org/10.1080/15257770.2024.2351135,,True,True,False,4,72
446,8440130,10.1006/cryo.1993.1007,1993,False,https://doi.org/10.1006/cryo.1993.1007,,True,True,False,66,0
447,12843800,10.1097/00002371-200307000-00010,2003,False,https://doi.org/10.1097/00002371-200307000-00010,,True,True,False,61,47
448,10813531,10.1089/152581600319397,2000,False,https://doi.org/10.1089/152581600319397,,True,True,False,50,32
449,10344558,10.1007/s00282-999-0082-y,1999,False,https://doi.org/10.1007/s00282-999-0082-y,,True,True,False,38,7
450,14522033,10.1016/s1570-0232(03)00590-7,2003,False,https://doi.org/10.1016/s1570-0232(03)00590-7,,True,True,False,29,11
451,7523703,10.1016/s0022-5347(17)32446-1,1994,False,https://doi.org/10.1016/s0022-5347(17)32446-1,,True,True,False,28,23
452,20734373,10.1002/elps.201000205,2010,False,https://doi.org/10.1002/elps.201000205,,True,True,False,6,34
453,27042802,10.1259/bjr.20150783,2016,False,https://doi.org/10.1259/bjr.20150783,,True,True,False,4,19
454,38930477,10.3390/microorganisms12061095,2024,True,https://doi.org/10.3390/microorganisms12061095,https://www.mdpi.com/2076-2607/12/6/1095/pdf?version=1716903873,True,True,False,2,31
455,37835138,10.3390/ijerph20196868,2023,True,https://doi.org/10.3390/ijerph20196868,https://www.mdpi.com/1660-4601/20/19/6868/pdf?version=1696067461,True,True,False,1,32
456,39552042,10.1080/22423982.2024.2425467,2024,True,https://doi.org/10.1080/22423982.2024.2425467,,True,True,False,1,101
457,40231986,10.3390/foods14060980,2025,True,https://doi.org/10.3390/foods14060980,https://www.mdpi.com/2304-8158/14/6/980/pdf?version=1741872735,True,True,False,1,32
458,40561611,10.1016/j.ecoenv.2025.118574,2025,True,https://doi.org/10.1016/j.ecoenv.2025.118574,,True,True,False,1,130
459,1555962,10.1016/0360-3016(92)90817-2,1992,False,https://doi.org/10.1016/0360-3016(92)90817-2,,True,True,False,13,12
460,7686590,10.5980/jpnjurol1989.84.897,1993,True,https://doi.org/10.5980/jpnjurol1989.84.897,https://www.jstage.jst.go.jp/article/jpnjurol1989/84/5/84_5_897/_pdf,True,True,False,11,4
461,11442673,10.1046/j.1442-2042.2001.00330.x,2001,False,https://doi.org/10.1046/j.1442-2042.2001.00330.x,,True,True,False,10,19
462,17438171,10.1001/archsurg.142.4.362,2007,False,https://doi.org/10.1001/archsurg.142.4.362,,True,True,False,7,27
463,23381937,10.1007/s12149-013-0683-y,2013,False,https://doi.org/10.1007/s12149-013-0683-y,,True,True,False,1,26
464,37622865,10.3390/bios13080779,2023,True,https://doi.org/10.3390/bios13080779,https://www.mdpi.com/2079-6374/13/8/779/pdf?version=1690863478,True,True,False,1,43
465,8314132,10.1006/gyno.1994.1023,1994,False,https://doi.org/10.1006/gyno.1994.1023,,True,True,False,14,0
466,3004707,10.1016/s0169-5002(87)80435-x,1987,False,https://doi.org/10.1016/s0169-5002(87)80435-x,,True,True,False,12,0
467,1751953,,1991,False,https://pubmed.ncbi.nlm.nih.gov/1751953,,True,True,False,12,0
468,30508529,10.1016/j.athoracsur.2018.10.054,2018,False,https://doi.org/10.1016/j.athoracsur.2018.10.054,,True,True,False,2,35
469,6202795,10.1016/0022-1759(84)90189-3,1984,False,https://doi.org/10.1016/0022-1759(84)90189-3,,True,True,False,26,21
470,1751952,,1991,False,https://pubmed.ncbi.nlm.nih.gov/1751952,,True,True,False,15,0
471,6782652,,1980,False,https://pubmed.ncbi.nlm.nih.gov/6782652,,True,True,False,6,0
472,2224910,,1990,False,https://pubmed.ncbi.nlm.nih.gov/2224910,,True,True,False,4,0
473,7553679,,1995,False,https://pubmed.ncbi.nlm.nih.gov/7553679,,True,True,False,4,0
474,21114927,10.3779/j.issn.1009-3419.2007.02.02,2007,False,https://pubmed.ncbi.nlm.nih.gov/21114927,,True,True,False,1,0
475,1279259,10.5980/jpnjurol1989.83.1640,1992,False,https://doi.org/10.5980/jpnjurol1989.83.1640,,True,True,False,1,0
476,25741775,10.3791/52416,2015,False,https://doi.org/10.3791/52416,,True,True,False,0,21
477,2789495,,1989,False,https://pubmed.ncbi.nlm.nih.gov/2789495,,True,True,False,0,0
478,36278678,10.3390/epigenomes6040032,2022,True,https://doi.org/10.3390/epigenomes6040032,https://www.mdpi.com/2075-4655/6/4/32/pdf?version=1666261499,True,True,False,0,49
479,40437036,10.1038/s41598-025-01599-7,2025,True,https://doi.org/10.1038/s41598-025-01599-7,https://www.nature.com/articles/s41598-025-01599-7.pdf,True,True,False,0,46
480,40604073,10.1038/s41598-025-09047-2,2025,True,https://doi.org/10.1038/s41598-025-09047-2,https://www.nature.com/articles/s41598-025-09047-2.pdf,True,True,False,0,68
481,40811912,10.1016/j.jhazmat.2025.139488,2025,False,https://doi.org/10.1016/j.jhazmat.2025.139488,,True,True,False,0,60
482,40889412,10.1016/j.envint.2025.109741,2025,True,https://doi.org/10.1016/j.envint.2025.109741,,True,True,False,0,335
483,40865243,10.1016/j.ecoenv.2025.118766,2025,True,https://doi.org/10.1016/j.ecoenv.2025.118766,,True,True,False,0,51
484,40948978,10.3389/fbioe.2025.1575142,2025,True,https://doi.org/10.3389/fbioe.2025.1575142,https://www.frontiersin.org/journals/bioengineering-and-biotechnology/articles/10.3389/fbioe.2025.1575142/pdf,True,True,False,0,34
485,36969097,10.5334/aogh.4056,2023,True,https://doi.org/10.5334/aogh.4056,,True,True,False,313,1314
486,25949234,10.1621/nrs.13002,2015,True,https://doi.org/10.1621/nrs.13002,https://journals.sagepub.com/doi/pdf/10.1621/nrs.13002,True,True,False,83,59
487,37657265,10.1016/j.jtemb.2023.127292,2023,False,https://doi.org/10.1016/j.jtemb.2023.127292,,True,True,False,26,75
488,39256853,10.1186/s13584-024-00628-6,2024,True,https://doi.org/10.1186/s13584-024-00628-6,,True,True,False,21,132
489,24831836,10.1016/j.jcyt.2014.02.017,2014,False,https://doi.org/10.1016/j.jcyt.2014.02.017,,True,True,False,32,60
490,36149869,10.1371/journal.pone.0269269,2022,True,https://doi.org/10.1371/journal.pone.0269269,https://journals.plos.org/plosone/article/file?id=10.1371/journal.pone.0269269&type=printable,True,True,False,15,72
491,37505571,10.3390/toxics11070605,2023,True,https://doi.org/10.3390/toxics11070605,https://www.mdpi.com/2305-6304/11/7/605/pdf?version=1689158043,True,True,False,7,80
492,39432449,10.1289/ehp13956,2024,True,https://doi.org/10.1289/ehp13956,,True,True,False,4,65
493,12594525,,1997,False,https://pubmed.ncbi.nlm.nih.gov/12594525,,True,True,False,10,0
494,8083540,10.1016/0022-1759(94)90011-6,1994,False,https://doi.org/10.1016/0022-1759(94)90011-6,,True,True,False,13,47
495,33549778,10.1016/j.avsg.2021.01.094,2021,False,https://doi.org/10.1016/j.avsg.2021.01.094,,True,True,False,1,36
496,16249021,10.1016/j.ygyno.2005.08.055,2005,False,https://doi.org/10.1016/j.ygyno.2005.08.055,,True,True,False,1,14
