pmid,
37354828,
37193692,
17242039,
23544381,
14991823,
16217247,
20542017,
9802272,
16449758,
39188706,
11148671,
11041276,
21909294,
10817132,
24499252,
26515233,
41097493,
17116648,
24057998,
36526213,
16451848,
37508933,
20049211,
23244415,
41085610,
30410011,
36395557,
12376887,
20338967,
37927277,
18373838,
17119217,
23295711,
25757798,
36117858,
11100151,
17255333,
37245816,
30319227,
28327632,
21402100,
28460087,
19042691,
32919961,
38517806,
38664407,
40777452,
26457621,
21601587,
22981160,
26857251,
22627180,
38759892,
23349115,
25815770,
12902626,
16802290,
28412655,
16961006,
16626962,
11022853,
20472063,
30740124,
17512982,
34485711,
25461423,
23867817,
19270050,
19590691,
24503016,
21240453,
35550926,
26383258,
38594123,
17010440,
7517654,
40558866,
29136149,
15468111,
32552814,
29168786,
27545685,
17241123,
21505849,
34754467,
29209972,
28418778,
16112328,
12548372,
18453001,
38052871,
11311359,
11511745,
12428725,
16773614,
20188092,
9810958,
30426251,
40203643,
12615605,
24269752,
39836634,
36543276,
32721662,
24120951,
21269927,
23988235,
18032333,
9592856,
28704700,
23535362,
22309908,
29729297,
19493570,
21733735,
23844699,
15751039,
32358751,
32121433,
17309119,
30954898,
39977894,
36229207,
23246862,
18533268,
16005927,
19459224,
27585560,
26272936,
32318533,
20472488,
17350799,
30319182,
27055126,
38627687,
35393289,
37598847,
31053889,
28192238,
17332139,
23092715,
2381528,
10349500,
3676917,
24436061,
37688454,
32104116,
24491970,
29630901,
39485576,
40343752,
17188257,
34352232,
34308371,
22563483,
38267207,
24334261,
22704918,
33816123,
32625422,
28185034,
38042187,
20094060,
19729209,
23244436,
32864238,
22559812,
17543230,
28379585,
9595985,
21658306,
32426240,
39588175,
21085094,
21644813,
32060784,
11445065,
24380023,
40653069,
26687930,
11073503,
40264898,
11089940,
11184997,
25160001,
38820021,
15111243,
12488139,
16008163,
21687921,
29554349,
2879110,
2877313,
16008160,
36842454,
17487876,
29554254,
39910845,
19634540,
15019266,
23950519,
1745430,
23936670,
29859004,
28779877,
18695515,
22774228,
19660496,
23786526,
12724617,
11100135,
15174030,
12558996,
21219333,
25095814,
20049194,
37949088,
12239976,
35587624,
17478401,
38958636,
17047302,
21425334,
27993598,
27029645,
12076315,
21059511,
17708091,
38246514,
9918341,
17880941,
15542008,
15551110,
40707475,
21620887,
37927278,
26507749,
12956856,
29057315,
30677475,
23857610,
23295396,
39536570,
12428721,
31342891,
34494887,
16809432,
29862459,
8414014,
22133707,
25506807,
40191323,
34864106,
33991619,
12061498,
40506444,
23982010,
1584237,
15574749,
17017524,
10499361,
16112329,
17999924,
9191770,
31422567,
15018696,
31246571,
18607207,
28691715,
33278869,
37155010,
15009131,
37865240,
23358190,
24577234,
7722593,
22016051,
31494049,
21346317,
30199797,
17981626,
38714693,
11383940,
15890009,
12690311,
30691095,
28689109,
33109837,
12690660,
9604134,
36087732,
36061205,
20098733,
38217613,
34792911,
32547358,
30796443,
23744253,
21922334,
31091353,
26109889,
16439141,
15736686,
12941575,
20664293,
29446158,
30240590,
39461288,
16963468,
21277943,
23602893,
11837540,
33561773,
15987830,
36029574,
39117080,
30597605,
1620342,
36651528,
33910299,
12805673,
14585596,
22198020,
2001187,
32002976,
27751556,
19513320,
17227438,
40644377,
21377529,
31634513,
30266654,
41008368,
3815163,
29480223,
37292848,
22024235,
20483372,
28633499,
25295052,
11425297,
37926220,
41109237,
28613271,
12598611,
12539205,
15177059,
16256410,
12200188,
28189372,
11437458,
20926834,
11140828,
36265728,
21073741,
16620996,
26215101,
21376751,
40343931,
31836905,
30377035,
33336137,
21412834,
29189118,
25713156,
22698719,
9637199,
21736921,
24376148,
7709917,
25813069,
37203180,
20369291,
39581168,
40056341,
26498265,
2296261,
12826478,
18455239,
32289774,
23097348,
38114496,
30556533,
16580092,
2797455,
25045800,
26345784,
23985028,
29209747,
10230846,
38245248,
23763672,
8021635,
17171705,
17324951,
25284465,
30007509,
32316110,
29403026,
28704346,
30446643,
24389262,
15272223,
33894333,
29181664,
24050700,
34347978,
22687345,
30558363,
17017522,
30468634,
15331145,
11569943,
21234368,
20025075,
21835224,
18606871,
20036686,
8170560,
38834158,
33893220,
26345149,
8139607,
9876430,
23507417,
32421776,
26889635,
22574684,
12915048,
27866991,
25250013,
20464527,
37326115,
12088093,
34719434,
35647576,
32825242,
36724408,
12428734,
37638586,
27246915,
17879265,
37337287,
21482445,
20097775,
20187243,
33314312,
8030397,
23055790,
33724550,
40915556,
11826108,
15509894,
39520734,
39595543,
26010367,
38746441,
38995845,
38113326,
27317300,
40988055,
37787774,
17127363,
26549647,
18157908,
37468944,
17481595,
17046990,
17673256,
35203939,
28655689,
26130061,
38196602,
34477539,
26439313,
32375810,
27884192,
26740407,
31543362,
33212211,
37351784,
33636387,
31829802,
18663495,
37607008,
8628466,
40970415,
31781643,
2207882,
15362105,
34477534,
24290359,
25688361,
40362688,
31999942,
12140099,
12210872,
10450337,
14645467,
17439496,
31422100,
26393432,
25048945,
17291500,
19539006,
37727589,
24680743,
15258850,
22166429,
15994111,
15033812,
32337944,
30099890,
26239001,
18605226,
29883227,
40720065,
1623441,
37598566,
36427528,
21958961,
9778597,
34306610,
41087413,
40945845,
34043217,
40899387,
1898265,
21950265,
18695511,
30799335,
19120153,
24970188,
16797138,
9592786,
12911755,
28273839,
39239897,
38670424,
24158912,
23065353,
11796748,
9877530,
20542083,
24214023,
39549548,
40335465,
36764072,
38684891,
38607765,
10581500,
38705492,
36703582,
33396565,
9239542,
9426868,
19944740,
20037210,
21234362,
35267379,
32215173,
26343921,
27598189,
26942037,
20947215,
33841309,
27756609,
40417919,
38309714,
12716439,
33388679,
30564462,
26844243,
24613722,
37277017,
21843543,
23789887,
22971641,
19232380,
32481507,
34068064,
38786023,
39779703,
36645005,
8585613,
33617931,
3352909,
38249738,
15144868,
37811009,
17876851,
35725899,
38691483,
24321326,
35274200,
29520721,
39945257,
36142718,
15829184,
15655264,
37626097,
33081318,
22899187,
10435495,
21411979,
29543651,
28417442,
28680508,
39997929,
18342017,
39601461,
18555207,
34289071,
14622122,
18187236,
31304199,
34822863,
21801747,
12385818,
28049942,
34994539,
40816596,
11783857,
26217195,
23017109,
34500451,
30859219,
30368226,
27480264,
24122264,
24486957,
11903115,
39058280,
21783668,
23317040,
8806381,
32996088,
26704434,
37842125,
38758347,
34052309,
9745932,
31749671,
34091413,
30203060,
27613618,
28382610,
28538683,
31706021,
25552849,
34669122,
24462953,
29204935,
37174736,
31413186,
37238000,
23623990,
21781348,
10584666,
21167764,
34758470,
32375371,
27986376,
27148593,
24887138,
35647516,
39679462,
39356746,
21968025,
40099721,
40107260,
23567447,
19416678,
30692508,
35316522,
16510128,
15790535,
39265792,
41038426,
36872782,
20353703,
25447323,
23963992,
1754703,
36726995,
37699078,
22080539,
12127150,
20817232,
21626386,
17449559,
16242641,
31681140,
33951636,
28769760,
25101650,
34598055,
20345925,
30798073,
36470505,
16190885,
32226375,
29039078,
29989058,
30141137,
34796708,
23045187,
23205266,
11487219,
32971086,
26563787,
34779196,
39941014,
38288970,
14976342,
21798302,
12504863,
32949572,
31440456,
39029778,
1953412,
36258029,
20669310,
35204105,
32423817,
28289797,
29730746,
35572141,
33372994,
22342404,
40928730,
37858688,
24981012,
14555407,
32449271,
40260143,
40278606,
40224523,
39851552,
23244418,
16439859,
11724917,
8470386,
19026668,
18952194,
29466244,
28819888,
12946053,
15527874,
26409479,
28283350,
37639074,
14579122,
15540952,
9749572,
35914559,
33279619,
30119171,
28506248,
40597361,
40741694,
22408597,
12950443,
17560718,
15934940,
17123556,
31367921,
27513201,
24835632,
20655879,
38879999,
32679516,
10511322,
36785586,
36740802,
16284906,
25646037,
38367681,
23645222,
24262193,
35366447,
29653138,
30118749,
38243981,
35691030,
31600256,
27058967,
39677613,
41089536,
34848256,
32422283,
28844784,
39119966,
35199308,
22727881,
15635186,
33383859,
28082168,
28978491,
19076450,
19594327,
32632573,
30214392,
34769043,
11707429,
12205032,
27313094,
20417232,
37716554,
28247273,
24205431,
11728820,
23710172,
19428506,
19137554,
26859572,
29482730,
25433145,
39930637,
17726156,
18577399,
33450723,
38685425,
17678964,
21619794,
38001883,
15966733,
37854466,
29267136,
21864557,
18615648,
20865164,
21402726,
17502288,
17126879,
32215816,
32606391,
25496994,
27311820,
27293182,
27771933,
40875984,
39000265,
15992171,
23469842,
12428728,
9452319,
17493592,
12200192,
35822592,
30363342,
29486301,
28727213,
37803858,
20003314,
33049992,
26896854,
15940722,
37952273,
22717662,
17341480,
11781409,
39834518,
39633223,
28962525,
36982297,
16624952,
22710069,
22094459,
20929985,
21419806,
18579341,
25575680,
34391968,
18685029,
21798348,
16580056,
32585290,
12106697,
12867501,
9923766,
34312984,
34623211,
33378168,
33393683,
30879219,
33739421,
31420910,
26926078,
30172926,
19767442,
40550315,
33176317,
23567316,
19748499,
19782123,
27413109,
25304210,
24231740,
17900545,
40273372,
37979659,
25474638,
37688657,
16263688,
21972102,
35847229,
35111696,
29767788,
29627306,
29069985,
18687346,
41006329,
36698474,
30248838,
34589856,
23500093,
23499956,
17218051,
34762280,
26321151,
23446007,
10852840,
18977431,
35870612,
29605442,
41009734,
18365879,
34044035,
30686998,
35511227,
16355301,
37373023,
21486284,
29713567